{
  "HTTP请求" : {
    "transaction" : "HTTP请求",
    "sampleCount" : 3000,
    "errorCount" : 0,
    "errorPct" : 0.0,
    "meanResTime" : 4.229333333333334,
    "medianResTime" : 2.0,
    "minResTime" : 0.0,
    "maxResTime" : 54.0,
    "pct1ResTime" : 9.0,
    "pct2ResTime" : 15.0,
    "pct3ResTime" : 42.0,
    "throughput" : 2411.5755627009644,
    "receivedKBytesPerSec" : 2300.888012459807,
    "sentKBytesPerSec" : 876.0801848874598
  },
  "Total" : {
    "transaction" : "Total",
    "sampleCount" : 3000,
    "errorCount" : 0,
    "errorPct" : 0.0,
    "meanResTime" : 4.229333333333334,
    "medianResTime" : 2.0,
    "minResTime" : 0.0,
    "maxResTime" : 54.0,
    "pct1ResTime" : 9.0,
    "pct2ResTime" : 15.0,
    "pct3ResTime" : 42.0,
    "throughput" : 2411.5755627009644,
    "receivedKBytesPerSec" : 2300.888012459807,
    "sentKBytesPerSec" : 876.0801848874598
  }
}