{
  "HTTP请求" : {
    "transaction" : "HTTP请求",
    "sampleCount" : 1000,
    "errorCount" : 0,
    "errorPct" : 0.0,
    "meanResTime" : 5.694000000000004,
    "medianResTime" : 1.0,
    "minResTime" : 0.0,
    "maxResTime" : 62.0,
    "pct1ResTime" : 12.899999999999977,
    "pct2ResTime" : 49.94999999999993,
    "pct3ResTime" : 58.99000000000001,
    "throughput" : 1049.3179433368311,
    "receivedKBytesPerSec" : 921.2273740818468,
    "sentKBytesPerSec" : 372.9997376705142
  },
  "Total" : {
    "transaction" : "Total",
    "sampleCount" : 1000,
    "errorCount" : 0,
    "errorPct" : 0.0,
    "meanResTime" : 5.694000000000004,
    "medianResTime" : 1.0,
    "minResTime" : 0.0,
    "maxResTime" : 62.0,
    "pct1ResTime" : 12.899999999999977,
    "pct2ResTime" : 49.94999999999993,
    "pct3ResTime" : 58.99000000000001,
    "throughput" : 1049.3179433368311,
    "receivedKBytesPerSec" : 921.2273740818468,
    "sentKBytesPerSec" : 372.9997376705142
  }
}