{
  "HTTP请求" : {
    "transaction" : "HTTP请求",
    "sampleCount" : 1000,
    "errorCount" : 0,
    "errorPct" : 0.0,
    "meanResTime" : 155.9060000000001,
    "medianResTime" : 78.5,
    "minResTime" : 1.0,
    "maxResTime" : 572.0,
    "pct1ResTime" : 460.0,
    "pct2ResTime" : 515.0,
    "pct3ResTime" : 556.97,
    "throughput" : 1043.8413361169103,
    "receivedKBytesPerSec" : 916.4192980167015,
    "sentKBytesPerSec" : 371.05297494780797
  },
  "Total" : {
    "transaction" : "Total",
    "sampleCount" : 1000,
    "errorCount" : 0,
    "errorPct" : 0.0,
    "meanResTime" : 155.9060000000001,
    "medianResTime" : 78.5,
    "minResTime" : 1.0,
    "maxResTime" : 572.0,
    "pct1ResTime" : 460.0,
    "pct2ResTime" : 515.0,
    "pct3ResTime" : 556.97,
    "throughput" : 1043.8413361169103,
    "receivedKBytesPerSec" : 916.4192980167015,
    "sentKBytesPerSec" : 371.05297494780797
  }
}